{"x": [1.1281290362050649, -1.0847093193480775, -1.8511268826555072, 1.333138311956477, 2.2409137305820774, -0.7830684486933163, 0.2435437897550776, -1.0100528420104877, -0.7176580047414539, 2.900848182495863, 0.3859360836004883, 0.03982017307377979, 0.10751071796175361, -1.2845357302337073, 0.3419801560211784, 1.8318126265927666, 1.4493431141900028, -0.5281218367980927, -0.9106427678421969, 0.651202061235257, 0.016348131754373954, -0.13678713729371275, -0.7776545623251333, 0.7968297214073327, 0.03831163188933093, -0.06006913018603418, 0.007487997338638232, 0.3847854736118471, -1.0267193142831603, -1.079902193232385, -2.574411229999979, 0.3045982859854312, 1.892477524678417, 1.0162490772808082, -0.043739997828740246, -1.1575760947177718, -0.39564671627013703, -0.6701217842283436, 0.3197855593988393, -0.2955805202345261, 0.4073700998873687, -0.4447888428749234, -1.390877003107406, 1.6756113025171553, -1.3806267193677555, -1.276757606468728, -0.7760604616375619, -0.5932638210992959, 0.7554479950049025, 0.3608405082053651, -0.4931659303951496, 0.4759998028624226, 2.2041580522073154, 0.3666665820903333, 0.2147120741347593, 0.7063391062244311, -0.9039002167567587, 2.795467796464169, 1.5168079175223486, -0.5713810723892164, 0.5592250293534582, -2.098771414847048, 0.32630355495970015, 0.002096282477312474, 0.3827653753049054, -0.651913952858256, 1.0862130325180122, -0.9438735168369005, 1.1960114137146294, -0.4154058779159334, -1.8564180471360276, -0.5002937931443822, 1.7857208241310862, -1.6373265299432267, -1.0788091610212838, 0.3194837065183696, -1.0017832760900893, -0.4562941072919159, -0.8104434814341073, 0.6339467113986365, -0.2599755187016401, 1.197092189120833, -1.6382885553582818, 1.4286892327955263, 0.768557920726893, 0.17260459709035625, 0.38231297732617303, -0.5082457738309427, -0.9738365903609265, 1.708338854675646, -0.14274844564419553, -1.1923554535329302, 0.4204155186987109, 0.21056283954325614, 0.7936148799852879, -0.49447170347110325, -0.9241224487347269, -1.125310897727783, -1.0979829033666049, 0.6582237557164222], "y": [0.2603859862211867, 1.9975622832690743, 2.6166615111494784, -3.7685959796370856, -2.8766512116053784, -0.03740246112639577, -1.5277148976225194, 1.4789395695115712, -1.7912884419853208, 2.9585766102876137]}