{"x": [-0.5531665203269047, -0.21255079196647503, -0.7334898338334107, 0.3707289254133402, 1.030902596166464, 0.3039933362421069, 0.5730968143772961, -1.218587764524949, -0.771470895369261, -0.3525092008989972, 3.437448945842229, 0.3577005395070786, 0.22463386139820113, 0.3173195532137119, -0.21225177353307725, -0.3135742042934178, 1.6297357428103776, 0.17342488635935396, 0.11448989279160328, 0.08806335652883346, 0.30395353760836197, -0.3794976246611468, -0.8903746016846643, 0.8885192948141144, 0.8578702220569501, 0.7684087326828745, 0.6035962840916762, 0.2586647337329778, -1.9500689755523521, -0.639845459047209, -0.4133027378854977, 0.23156045672780104, -0.7299980076875835, 1.6179641474143152, -1.5170269887319645, 0.4560027636059438, -0.8602597606806195, -1.0590564862509402, -0.7423757561145456, -0.18639359743563763, -0.3267171708721409, 0.8043257067365511, 0.2079762988661778, -0.03813704203076547, 0.9202761532273347, -0.5438702845989606, 1.868256965666641, 1.7693499591706452, -0.44994016470894355, -1.3397406149347593, 0.9484404405368387, 1.5278355030832946, -0.2569352606132207, -1.3948854379864473, 0.08272428384119018, -0.26019277713366634, 0.4448073568932828, 0.8872979036124898, -1.3026176978305541, -0.16682567480211946, -1.7058216255457206, -0.2203687476889161, 0.5462762568466397, 0.820008710189241, -0.3036295429247585, 1.7417510955520787, 0.8760363335363743, 0.7951173931042667, -0.3915573588258649, -1.1261498276195057, 1.7610174849190638, 1.000557907030824, -2.1199454993193525, 1.9081588956350177, -1.0524780479559073, 0.08132310056727626, 0.947082679707724, -0.5337167395615388, 0.013596459246635705, -1.4383804368907815, 1.013269776974541, -0.38062482187234425, 0.30563644533717516, 1.189978221940916, 0.4814947567672656, 0.8352430787830553, 1.2260970414529409, 1.721692829296525, -0.21137760948131554, -1.2159829549869632, 0.6397264004476141, -1.2475100940431836, 0.031376958796576024, 0.5557689944751371, 1.5563008461578025, 1.2840826955465308, -0.5252576511252146, 2.452353799115599, -1.7063270718776287, 0.4500601738114051], "y": [0.7095520793765656, 0.3034460481850565, -1.3119861370029304, -3.180289333911259, -0.5534026491784162, 0.602951942622885, -1.4537099799663489, -3.4672029865118716, -2.3359103619053103, -2.847030781048554]}