{"x": [-0.2708711787807264, -0.12885844529299556, -1.0182214432801908, -1.9179687474148959, -0.38294502933780133, 1.636355548159417, -1.5035742761418662, -0.011409202217578844, 0.7602182672823448, 0.4946180419291597, 0.08958526633919711, -0.3346244790761944, 2.3605509509668674, 0.6102602242727093, 1.1074250071922123, 0.9291534659481503, -0.8982336798590711, 0.29691640677885034, 1.2974201134031518, 0.2830474471869959, -0.19181926005991753, -0.7884036595078141, 0.43176590775676266, 0.059096690569645796, 1.4708581214650762, -1.5542180476102059, 0.2726268613063043, -0.5656834045454091, 0.7047222019298798, 0.45956840153469175, 0.8754836314218116, 1.0455696504413758, -0.024925844850866286, -1.1722280534108636, 0.4150201978628383, -0.14555789251601572, 0.6211956446548983, -0.6724937073875727, 0.6701335325890445, -0.49554425929436174, 0.6697002010538351, -0.093982537279804, -0.03796215232648539, 0.012855647184111169, -0.9231839799987424, -0.6717594481874026, 0.5426823179995655, 0.32876508212132816, -0.24763668909956896, -0.37750275693772595, 0.2602190943667162, -1.4838391936638424, -1.103835015051469, 1.0724339668806604, 2.3653449019710013, 0.750905923727895, -0.08686455053166216, 1.2150155552558195, -0.7631423070165321, 0.3302367979421338, 1.482018289804353, 0.12677840224335288, 0.6100638491175329, 0.46072218425406625, -1.2346050916631395, 1.470796653331653, -0.308096810023185, 0.39830022591743997, 0.7318976031388524, -0.9664301947397305, 0.6412625703265226, 0.06305591313252802, -0.7499448654601595, 0.3503062755001197, -1.2057908507722264, -1.1907863712406033, -0.24572777213956917, -1.933938717923782, 2.964322341547117, 0.9248504038482636, 0.9731281131769022, -0.7287713877833997, 0.29701855961528917, 0.5519811945237957, -1.4514260313790903, 0.6531139089801983, -0.24936290320345106, -0.05011573865859113, -0.3846092728137074, 0.1504989081583359, 1.1276996432273982, 0.8908893546821595, 0.7526909822086194, -0.6518287235879745, -0.0036262146317470214, -0.78810595648129, 0.3290747820176642, -0.2861322897774989, -0.2062026072700407, -1.1436904798921517], "y": [0.24019234075680285, -1.9384019844203986, -0.6177895583029656, -0.6602128219946592, -0.5976532286462548, 0.0935969410209927, -2.052729208007085, 0.41403558192528966, -1.144580944665441, -1.6342124058478236]}