{"x": [-0.19236096478112252, 0.30154734233361247, -0.03471176970524331, -1.168678037619532, 1.1428228145150205, 0.7519330326867741, 0.7910319470430469, -0.9093874547947389, 1.4027943109360992, -1.4018510627922809, 0.5868570938002703, 2.1904556258099785, -0.9905363251306883, -0.5662977296027719, 0.09965136508764122, -0.5034756541161992, -1.5506634310661327, 0.06856297480602733, -1.0623037137261049, 0.4735924306351816, -0.9194242342338032, 1.5499344050175394, -0.7832532923362371, -0.3220615162056756, 0.8135172173696698, -1.2308643164339552, 0.22745993460412942, 1.307142754282428, -1.6074832345612275, 0.1846338585323042, 0.25988279424842353, 0.7818228717773104, -1.236950710878082, -1.3204566130842763, 0.5219415656168976, 0.29698467323318606, 0.25049285034587654, 0.3464482094969757, -0.6800247215784908, 0.23225369716100355, 0.29307247329868125, -0.7143514180263678, 1.8657745111447566, 0.4738329209117875, -1.1913034972026486, 0.6565536086338297, -0.9746816702273214, 0.787084603742452, 1.158595579007404, -0.8206823183517105, 0.9633761292443218, 0.4127809269364983, 0.82206015999449, 1.8967929826539474, -0.2453881160028705, -0.7537361643574896, -0.8895144296255233, -0.8158102849654383, -0.0771017094141042, 0.3411519748166439, 0.27669079933001905, 0.8271832490360238, 0.01300189187790702, 1.4535340771573169, -0.2646568332379561, 2.720169166589619, 0.6256673477650062, -0.8571575564162826, -1.0708924980611123, 0.4824724152431853, -0.2234627853258509, 0.714000494092092, 0.47323762457354485, -0.07282891265687277, -0.846793718068405, -1.5148472246858646, -0.4465149520670211, 0.8563987943234723, 0.21409374413020396, -1.245738778711988, 0.173180925851182, 0.3853173797288368, -0.883857436201133, 0.1537251059455279, 0.058208718445999896, -1.142970297830623, 0.3577873603482833, 0.5607845263682344, 1.083051243175277, 1.053802052034903, -1.377669367957091, -0.9378250399151228, 0.5150352672086598, 0.5137859509122088, 0.5150476863060479, 3.852731490654721, 0.570890510693167, 1.135565640180599, 0.9540017634932023, 0.651391251305798], "y": [2.2851793336188337, -3.9854794396902777, 1.625390465624996, 1.1550250013193035, -2.644731498339942, -5.209740172358348, -0.9359664592403204, -0.6142546386781105, 0.39424411511914037, 2.8361288783928003]}