{"x": [-1.2328032263309723, -0.07412453829944396, 0.5963891827515404, -0.17939256213126978, -0.09079506777435305, -0.8250796289156435, -0.3349694610956846, 0.7183508075095323, -2.01946218467866, -0.15802904903114046, -0.5842151280721943, -0.0703064977144652, 1.7731812300260754, -0.446629292587388, 1.4893745786091637, 1.100308721372732, 0.029896317954142267, 0.08710581091662675, 0.18123494219161268, -0.8251717971872267, 0.6268387669020417, -0.6126978470983908, 0.03574233551706946, -2.1959626114931305, -0.8632826893283874, 0.5350993630394176, -1.123463295211308, 0.33396509272135233, -0.5072304552140171, 0.9901501711281284, 1.2579439688721659, 0.17762491871456892, -0.014867416457224348, 0.04043611432709912, -0.021444769643944036, 1.1916565829964165, 2.504864685302447, -1.333461126774949, -1.0282726536874438, 1.3631696640866262, -1.1422745934927458, -1.3720254649124914, 2.1153714355164954, -0.2742748855050585, -0.2501454233412255, -0.5088303999322228, 0.5813407294084169, -1.1331000806110525, 1.7743892245873165, 0.7530463240026412, -0.05180023176790085, -0.5517055994610867, 0.10825694005967285, 1.0439696514243961, 2.6174426286362076, 1.508768374358993, 1.012902487072667, 0.043045740547390625, 1.2325046106386215, -0.346410840938198, 0.3318833834396524, 1.1706959283854066, 0.6067736917185195, -0.6646929927649822, -1.5327738736010819, 0.5014966096525523, 0.13463643962491514, 0.9299897685604038, 0.057889461763187, -0.3795836335326038, 1.0539531037975378, 0.9963133530846225, -2.109193418036767, -1.5191156048412524, 0.12983462557747558, -0.0652378677591805, -0.18698504980963984, 0.8239324982417736, 2.0154984149609985, -1.0314481332940972, -0.06751777627576913, -0.025381558396965903, 0.2052931948319547, -1.2236397310357632, 0.46742987833997945, 0.03670101570396325, 2.0388993649376554, 0.3848107911787176, -0.7005275550848677, -1.4971547068752968, -0.09794471573782605, -0.749649593443273, -0.42367068835594285, 0.3456524588826128, 0.23501780256852894, 0.19390051775098527, 1.3922625492889247, 0.4079556930770453, 2.7134802556937045, 0.1613349250415128], "y": [3.031356896509959, -1.6816142782946588, -1.3148787540939444, 4.179881705057725, -1.8885398301252776, -3.224732702150465, -0.8669768382869973, -7.965898166913438, -1.0278846145657086, -6.142798480622415]}